﻿ID,Type,Name,Train ,Test ,Class,Length,ED (w=0),DTW (learned_w) ,DTW (w=100),Default rate,Data donor/editor
7,Simulated,CBF,30,900,3,128,0.1478,0.0044 (11),0.0033,0.6644,N. Saito
25,Image,FaceFour,24,88,4,350,0.2159, 0.1136 (2),0.1705,0.7045,A. Ratanamahatana & E. Keogh
31,Motion,GunPoint,50,150,2,150,0.0867, 0.0867 (0) ,0.0933,0.4933,A. Ratanamahatana & E. Keogh
38,Sensor,ItalyPowerDemand,67,1029,2,24,0.0447,0.0447 (0),0.0496,0.4985,"JJ van Wijk, E. Keogh & L. Wi"
48,Sensor,MoteStrain,20,1252,2,84,0.1214,0.1342 (1),0.1653,0.4609,C. Guestrin & J. Sun
64,Sensor,SonyAIBORobotSurface1,20,601,2,70,0.3045,0.3045 (0),0.2745,0.4293,"D. Vail, M. Velso & E. Keogh"
65,Sensor,SonyAIBORobotSurface2,27,953,2,65,0.1406,0.1406 (0),0.1689,0.383,"D. Vail, M. Velso & E. Keogh"
74,ECG,TwoLeadECG,23,1139,2,82,0.2529,0.1317 (4),0.0957,0.4996,physionet.org & E. Keogh
90,Simulated,BME,30,150,3,128,0.1667,0.0200 (4),0.1,0.6667,Joseph Fourier University
91,Traffic,Chinatown,20,343,2,24,0.0466,0.0466 (0),0.0437,0.2741,H.A. Dau
95,Sensor,DodgerLoopWeekend,20,138,2,288,0.0145, 0.0217 (1),0.0507,0.2609,C.-C. M. Yeh
100,Sensor,FreezerSmallTrain,28,2850,2,301,0.3242,0.3242 (0),0.2411,0.5,REFIT project
112,EPG,InsectEPGSmallTrain,17,249,3,601,0.3373,0.3052 (1),0.2651,0.5261,E. Keogh & S. Gharghabi